nombre,link
ed sheeran,6eUKZXaKkcviH0Ku9w2n3V
will wood,1VQ8riQ31zVHtlxiCC9EZE
bruno mars,0du5cEVh5yTK9QJze8zA0C
the weeknd,1Xyo4u8uXC1ZmMpatF05PJ
lady gaga,1HY2Jd0NmPuamShAr6KMms
billie eilish,6qqNVTkY8uBg9cP3Jd7DAH
kendrick lamar,2YZyLoL8N0Wb9xBt1NhZWg
coldplay,4gzpq5DPGxSnKTe4SA8HAU
rihanna,5pKCCKE2ajJHZ9KAiaK11H
sza,7tYKF4w9nC0nq9CsPZTHyP
bad bunny,4q3ewBCX7sLwd24euuV69X
ariana grande,66CXWjxzNUsdJxJ2JdwvnR
justin bieber,1uNFoZAHBGtllmzznpCI3s
drake,3TVXtAsR1Inumwj472S9r4
david guetta,1Cs0zKBU1kc0i8ypK3B9ai
cosmo sheldrake,6hV6oxGLeLFw17DGjIPkYD
sabrina carpenter,74KM79TiuVKeVCqs8QtB0B
taylor swift,06HL4z0CvFAxyc27GXpf02
